﻿<?xml version="1.0" encoding="utf-8"?>
<Datatable xmlns:xsi="http://www.w3.org/2001/XMLSchema-instance" xmlns:xsd="http://www.w3.org/2001/XMLSchema" xsi:noNamespaceSchemaLocation="../Documentation/Schemas/IndustryConstructibleElement.xsd">
  <!--REPLACE NONMAJOR POPULATION WITH CLONES-->
  <StarSystemPopulationTransformImprovementDefinition   Name="CloneMajorPopulation" SubCategory="SubCategoryPopulation" ScoreProvider="StarSystemImprovementBuilt"
														PopulationSource="Minor" PopulationSourceHeuristic="LowestCount" PopulationDestination="Major" PopulationDestinationHeuristic="LowestCount"  PopulationToTransformCount="1" >
    <QueuedSimulationDescriptorReference Name="CloneMajorPopulationQueued"/>
    <CustomCost ResourceName="SystemProduction">80</CustomCost>
    <InterpreterPrerequisite Inverted="false" Flags="Enqueue">(Property(Context, @ClassColonizedStarSystem, Population) -  Property(Context, @ClassColonizedStarSystem, MajorPopulationCount) - Property(Context, @ClassColonizedStarSystem, OnGoingClone) ) gt 0</InterpreterPrerequisite>
    <PathPrerequisite Inverted="false"   Flags="Prerequisite,Discard">../ClassEmpire</PathPrerequisite>
    <PathPrerequisite Inverted="false"  Flags="Prerequisite,Disable">ColonizedStarSystemStateColony/ClassColonizedPlanet/PopulationNonMajor, !ClassPopulationPlanetAffinityGuardians</PathPrerequisite>
    <TechnologyPrerequisite Flags="Prerequisite,Discard,Technology">CloningTech</TechnologyPrerequisite>
    <SimulationDescriptorReference Name="CloneMajorPopulation"/>
  </StarSystemPopulationTransformImprovementDefinition>

  <!--CLONE MAJOR POPULATION-->
  <StarSystemPopulationTransformImprovementDefinition   Name="CreateMajorPopulation" SubCategory="SubCategoryPopulation" ScoreProvider="StarSystemImprovementBuilt"
                                                      PopulationDestination="Major"  PopulationToTransformCount="1" CreateIfNotAvailable="true" ConsumeResourceSurplus="true">
    <AIGain RessourceName="PopulationGain" Inverted="false"></AIGain>
    <SupervisorGain Name="Industry" Weight="0.15"/>
    <SupervisorGain Name="Food"     Weight="0.15"/>
    <SupervisorGain Name="Dust"     Weight="0.15"/>
    <SupervisorGain Name="Science"  Weight="0.15"/>
    <Tags>NoBuyout</Tags>
    <QueuedSimulationDescriptorReference Name="QueuedDescriptorIncreaseVirtualPopulation"/>
    <CustomCost ResourceName="SystemProduction">(50 + Property(StockLocation,@ClassColonizedStarSystem,MajorPopulationCount) * 100) * Property(StockLocation, @../ClassEmpire, GameSpeedMultiplier, true)</CustomCost>
    <PathPrerequisite Inverted="false"   Flags="Prerequisite,Discard">ClassColonizedStarSystem</PathPrerequisite>
    <PathPrerequisite Inverted="false"   Flags="Prerequisite,Discard">../ClassEmpire/PopulationMajor</PathPrerequisite>
    <TechnologyPrerequisite Flags="Prerequisite,Discard,Technology">CloningTech</TechnologyPrerequisite>
    <InterpreterPrerequisite Flags="MaximumPopulationSystem,Enqueue">(Property(Context,@ClassColonizedStarSystem, MaximumPopulation) ge (1 + Property(Context,@ClassColonizedStarSystem, Population) + Property(Context,@ClassColonizedStarSystem, VirtualPopulation)))</InterpreterPrerequisite>
    <InterpreterPrerequisite Flags="Prerequisite">(Property(Context,@ClassColonizedStarSystem, MaximumPopulation) ge (Property(Context,@ClassColonizedStarSystem, Population) + Property(Context,@ClassColonizedStarSystem, VirtualPopulation)))</InterpreterPrerequisite>
    <SimulationDescriptorReference Name="CreateMajorPopulation"/>
  </StarSystemPopulationTransformImprovementDefinition>

  <!--CLONE INFINITE SOLDIERS-->
  <StarSystemImprovementDefinition Name="IndustryToManpower" SubCategory="SubCategoryInfiniteManpower" >
    <AIGain RessourceName="ResourceConverter">
      <Tag>IndustryConverter</Tag>
    </AIGain>
    <AIGain RessourceName="ManpowerGain"/>
    <SupervisorGain Name="Military" />
    <Tags>NoBuyout</Tags>
    <InProgressSimulationDescriptorReference Name="IndustryToManpowerEffect" />
    <InProgressSimulationDescriptorReference Name="Infinite"/>
    <InfiniteCost ResourceName="SystemTurnBased"/>
    <TechnologyPrerequisite Flags="Prerequisite,Discard,Technology">CloningTech</TechnologyPrerequisite>
    <PathPrerequisite Flags="Prerequisite,Discard">ColonizedStarSystemStateColony</PathPrerequisite>
    <SimulationDescriptorReference Name="StarSystemImprovementIndustryToManpower"/>
  </StarSystemImprovementDefinition>
  
  <!--Horatio Constructible-->

  <!--Genetic Alteration-->
  <StarSystemPopulationTransformImprovementDefinition   Name="StarSystemImprovementCloneMajorPopulation" SubCategory="SubCategoryPopulation" ScoreProvider="StarSystemImprovementBuilt"
														PopulationSource="Minor" PopulationSourceHeuristic="LowestCount" PopulationDestination="Major" PopulationDestinationHeuristic="LowestCount"  PopulationToTransformCount="1" >
    <QueuedSimulationDescriptorReference Name="StarSystemImprovementCloneMajorPopulationQueued"/>
    <CustomCost ResourceName="SystemProduction">80</CustomCost>
    <InterpreterPrerequisite Inverted="false" Flags="Enqueue">(Property(Context, @ClassColonizedStarSystem, Population) -  Property(Context, @ClassColonizedStarSystem, MajorPopulationCount) - Property(Context, @ClassColonizedStarSystem, OnGoingClone) ) gt 0</InterpreterPrerequisite>
    <PathPrerequisite Inverted="false"   Flags="Prerequisite,Discard">../ClassEmpire,AffinityGameplayHoratio</PathPrerequisite>
    <PathPrerequisite Inverted="false"  Flags="Prerequisite,Disable">ColonizedStarSystemStateColony/ClassColonizedPlanet/PopulationNonMajor, !ClassPopulationPlanetAffinityGuardians</PathPrerequisite>
    <TechnologyPrerequisite Flags="Prerequisite,Discard,Technology">TechnologyCloneMajorPopulation</TechnologyPrerequisite>
    <SimulationDescriptorReference Name="StarSystemImprovementCloneMajorPopulation"/>
  </StarSystemPopulationTransformImprovementDefinition>
  
<!--CLONE MAJOR POPULATION-->
  <StarSystemPopulationTransformImprovementDefinition   Name="HoratioCreateMajorPopulation" SubCategory="SubCategoryPopulation" ScoreProvider="StarSystemImprovementBuilt"
                                                      PopulationDestination="Major"  PopulationToTransformCount="1" CreateIfNotAvailable="true" ConsumeResourceSurplus="true">
    <AIGain RessourceName="PopulationGain" Inverted="false"></AIGain>
    <SupervisorGain Name="Industry" Weight="0.15"/>
    <SupervisorGain Name="Food"     Weight="0.15"/>
    <SupervisorGain Name="Dust"     Weight="0.15"/>
    <SupervisorGain Name="Science"  Weight="0.15"/>
    <Tags>NoBuyout</Tags>
    <QueuedSimulationDescriptorReference Name="QueuedDescriptorIncreaseVirtualPopulation"/>
    <CustomCost ResourceName="SystemProduction">(50 + Property(StockLocation,@ClassColonizedStarSystem,MajorPopulationCount) * 100) * Property(StockLocation, @../ClassEmpire, GameSpeedMultiplier, true)</CustomCost>
    <PathPrerequisite Inverted="false"   Flags="Prerequisite,Discard">ClassColonizedStarSystem</PathPrerequisite>
    <PathPrerequisite Inverted="false"   Flags="Prerequisite,Discard">../ClassEmpire/PopulationMajor</PathPrerequisite>
    <TechnologyPrerequisite Flags="Prerequisite,Discard,Technology">TechnologyCloneMajorPopulation</TechnologyPrerequisite>
    <InterpreterPrerequisite Flags="MaximumPopulationSystem,Enqueue">(Property(Context,@ClassColonizedStarSystem, MaximumPopulation) ge (1 + Property(Context,@ClassColonizedStarSystem, Population) + Property(Context,@ClassColonizedStarSystem, VirtualPopulation)))</InterpreterPrerequisite>
    <InterpreterPrerequisite Flags="Prerequisite">(Property(Context,@ClassColonizedStarSystem, MaximumPopulation) ge (Property(Context,@ClassColonizedStarSystem, Population) + Property(Context,@ClassColonizedStarSystem, VirtualPopulation)))</InterpreterPrerequisite>
    <SimulationDescriptorReference Name="CreateMajorPopulation"/>
  </StarSystemPopulationTransformImprovementDefinition>

  <!--CLONE INFINITE SOLDIERS-->
  <StarSystemImprovementDefinition Name="HoratioIndustryToManpower" SubCategory="SubCategoryInfiniteManpower" >
    <AIGain RessourceName="ResourceConverter">
      <Tag>IndustryConverter</Tag>
    </AIGain>
    <AIGain RessourceName="ManpowerGain"/>
    <SupervisorGain Name="Military" />
    <Tags>NoBuyout</Tags>
    <InProgressSimulationDescriptorReference Name="IndustryToManpowerEffect" />
    <InProgressSimulationDescriptorReference Name="Infinite"/>
    <InfiniteCost ResourceName="SystemTurnBased"/>
    <TechnologyPrerequisite Flags="Prerequisite,Discard,Technology">TechnologyCloneMajorPopulation</TechnologyPrerequisite>
    <PathPrerequisite Flags="Prerequisite,Discard">ColonizedStarSystemStateColony</PathPrerequisite>
    <SimulationDescriptorReference Name="StarSystemImprovementIndustryToManpower"/>
  </StarSystemImprovementDefinition>

</Datatable>