﻿<?xml version="1.0" encoding="utf-8"?>
<Datatable xmlns:xsi="http://www.w3.org/2001/XMLSchema-instance" xmlns:xsd="http://www.w3.org/2001/XMLSchema" xsi:noNamespaceSchemaLocation="../Documentation/Schemas/Amplitude.Unity.Simulation.SimulationDescriptor.xsd">
  
  <SimulationDescriptor Name="CloneMajorPopulation" Type="StarSystemImprovement"/>
  
  <SimulationDescriptor Name="CloneMajorPopulationQueued" Type="StarSystemImprovement">
    <Modifier TargetProperty="OnGoingClone" Operation="Addition" Value="1"/>
  </SimulationDescriptor>

  <SimulationDescriptor Name="CreateMajorPopulation"     Type="StarSystemImprovement"/>

  <SimulationDescriptor Name="StarSystemImprovementIndustryToManpower" Type="StarSystemImprovement"/>

  <SimulationDescriptor Name="IndustryToManpowerEffect" Type="StarSystemImprovement">
    <BinaryModifier TargetProperty="EmpireManpower"                                 Operation="Addition" Left="0.5" BinaryOperation="Multiplication" Right="$(SystemProduction)"   Path="../ClassEmpire" TooltipHidden="true"/>
    <BinaryModifier TargetProperty="SystemProductionFromProductionConversion"       Operation="Addition" Left="-1" BinaryOperation="Multiplication" Right="$(SystemProduction)"  Path="ClassColonizedStarSystem" TooltipHidden="true"/>
  </SimulationDescriptor>
  
</Datatable>
